Iseabal,Donoghue,Iseabal.Donoghue@testing.com,uxqwqZnusKWylOkCWD,42
Darci,Bohlin,Darci.Bohlin@testing.com,swhofMZlPdhKY,60
Antonietta,Beebe,Antonietta.Beebe@testing.com,NpVnpkpVp,44
Rubie,Muriel,Rubie.Muriel@testing.com,nVXjRkwQHGLdqfx,51
Correy,Kellby,Correy.Kellby@testing.com,ENlCHsuhiz,56
Ira,Flita,Ira.Flita@testing.com,GBqRXOPEhonVU,36
Ebonee,Markman,Ebonee.Markman@testing.com,bnkSeuYnABznJXyW,61
Doralynne,Ferino,Doralynne.Ferino@testing.com,RnHDIpNVjGeJzsob,34
Orsola,Elsinore,Orsola.Elsinore@testing.com,RVrlazqJuW,64
Christal,Kelula,Christal.Kelula@testing.com,GXzhlESPVdt,39
Addia,Douglass,Addia.Douglass@testing.com,HqyXoDZA,76
Fredericka,McClimans,Fredericka.McClimans@testing.com,JSDSvEUjE,62
Paule,Moseley,Paule.Moseley@testing.com,KNNwaUdUSw,53
Ingrid,Jefferey,Ingrid.Jefferey@testing.com,UhLGvf,62
Keelia,Tristram,Keelia.Tristram@testing.com,IHMJIkFBPVPCqiYaP,39
Ebonee,Sparhawk,Ebonee.Sparhawk@testing.com,bbklNLEonwaQLe,38
Cam,Alwin,Cam.Alwin@testing.com,UMlTvMgM,28
Bill,Cullin,Bill.Cullin@testing.com,tMxZxTgSrZioR,38
Gertrud,Callista,Gertrud.Callista@testing.com,PJNLBswm,62
Sean,Alejoa,Sean.Alejoa@testing.com,dfYcoDkdXVY,59
Rosanne,Fry,Rosanne.Fry@testing.com,kkMjJfPdgkVGC,49
Veda,Devlen,Veda.Devlen@testing.com,lVfRTYYpm,73
Arlina,Wallis,Arlina.Wallis@testing.com,xuOShIGEajQYGS,68
Ebonee,Ralfston,Ebonee.Ralfston@testing.com,hfBPXlAQKjg,26
Esmeralda,Shaddock,Esmeralda.Shaddock@testing.com,OGIEMxyl,78
Raf,Brotherson,Raf.Brotherson@testing.com,TnXxxPcUiYLiV,45
Ermengarde,Himelman,Ermengarde.Himelman@testing.com,VmwcUgtrdj,62
Cherrita,Stilwell,Cherrita.Stilwell@testing.com,IepPUtKNEoaaJF,39
Ilse,Ellord,Ilse.Ellord@testing.com,zqdUEdgGcpBBAGVzC,74
Gianina,Ledah,Gianina.Ledah@testing.com,PqBwrEecxOXth,58
Michaelina,Zachary,Michaelina.Zachary@testing.com,nsnESVlS,28
Blake,Kalinda,Blake.Kalinda@testing.com,BJuTTq,64
Randa,Eben,Randa.Eben@testing.com,XTuOcFZHShHOWkGsS,64
Monika,Truc,Monika.Truc@testing.com,bbOuJvUhXcmUKzJ,28
Noelle,Ethban,Noelle.Ethban@testing.com,BysoIxkRlRrulPeq,44
Frank,Emmy,Frank.Emmy@testing.com,yjMpPf,73
Karena,Newell,Karena.Newell@testing.com,TWwCCVGmlATvOHRCd,34
Dotty,Ricki,Dotty.Ricki@testing.com,TiOMiBEBmJnbPCBO,39
Kristan,Crudden,Kristan.Crudden@testing.com,FCLTuexthoj,37
Sadie,Argus,Sadie.Argus@testing.com,gjiiyaUKJRzrMPwU,56
Magdalena,Rhu,Magdalena.Rhu@testing.com,TQcgXOPsC,51
Millie,Genna,Millie.Genna@testing.com,TMWoVoLXRJzXGsNj,22
Elise,Karna,Elise.Karna@testing.com,gtNGUoR,26
Bibby,Wesle,Bibby.Wesle@testing.com,POjRvFdAZZxj,51
Blondelle,Grobe,Blondelle.Grobe@testing.com,MopPAgBrszKex,35
Ariela,Shaver,Ariela.Shaver@testing.com,cVSNegVoB,77
Ingrid,Calhoun,Ingrid.Calhoun@testing.com,ECddofjvbG,60
Caressa,Teddman,Caressa.Teddman@testing.com,fXBAIN,26
Ronna,Olympium,Ronna.Olympium@testing.com,AhuBHvmsGCYYLdMYyy,52
Pierette,Olnee,Pierette.Olnee@testing.com,FmSmrdrjLXAeUFGflt,52
Corry,Monaco,Corry.Monaco@testing.com,cllpIqrGIBLbvACDYQ,30
Ileana,Arathorn,Ileana.Arathorn@testing.com,eKmWixwpLbbjM,62
Nickie,Swanhildas,Nickie.Swanhildas@testing.com,ZKnGmu,62
Devina,Fillbert,Devina.Fillbert@testing.com,zSAESD,51
Florencia,Schwejda,Florencia.Schwejda@testing.com,TmCxRrHyVMBlKhW,41
Di,Rossner,Di.Rossner@testing.com,aksNhcmpCSKsua,53
Amara,Jefferey,Amara.Jefferey@testing.com,suxCdYksMfi,53
Frances,Nickola,Frances.Nickola@testing.com,NYoiuSySMwg,30
Tori,Emmy,Tori.Emmy@testing.com,tqSwqjRvsdEmsHXdB,75
Cassandra,Morgun,Cassandra.Morgun@testing.com,haTbrC,78
Shaylyn,Morehouse,Shaylyn.Morehouse@testing.com,OfOLVohuDYDnb,73
Eolanda,Tyson,Eolanda.Tyson@testing.com,jsOZvjXIUPFx,76
Kelly,Thunell,Kelly.Thunell@testing.com,ivnWzUXDS,71
Rivalee,Bollay,Rivalee.Bollay@testing.com,lefUnsDMtZBvq,27
Brianna,Masao,Brianna.Masao@testing.com,dbgBkvWSRGBY,24
Glynnis,Ursulette,Glynnis.Ursulette@testing.com,sMPgqQhSTaBDPnnXtA,72
Berta,Stacy,Berta.Stacy@testing.com,DFhBKBIChbbMHL,42
Trixi,Bendick,Trixi.Bendick@testing.com,iyeorNvGzUBgeFxI,64
Ricky,Oneida,Ricky.Oneida@testing.com,UQkhuZQQ,58
Sabina,Rheingold,Sabina.Rheingold@testing.com,EtFZcHsAPbCzGMCY,68
Leontine,Shelba,Leontine.Shelba@testing.com,JFUYLdiO,62
Siana,Jacobah,Siana.Jacobah@testing.com,PfEbkUqJsVxHAGhEPg,72
Pamella,Odell,Pamella.Odell@testing.com,YrIHFMhAhVz,45
Latisha,Land,Latisha.Land@testing.com,FhJhuTwfdpwglDx,39
Marleah,Honoria,Marleah.Honoria@testing.com,XGvrjp,52
Justinn,Leonard,Justinn.Leonard@testing.com,VXblylbZEFqJ,33
Chandra,Amethist,Chandra.Amethist@testing.com,QjcLbtUhrEZswgMJMm,38
Aimil,Noelyn,Aimil.Noelyn@testing.com,YGgjvIHXTRT,58
Iseabal,Zola,Iseabal.Zola@testing.com,BbMXDySpHZS,49
Claudina,Bartlett,Claudina.Bartlett@testing.com,xnuszzupHPQ,74
Courtnay,Papageno,Courtnay.Papageno@testing.com,kdlDypUjYWKZb,74
Maye,Gherardo,Maye.Gherardo@testing.com,jxjPtTYWSLRiVnSpco,43
Ruthe,Serilda,Ruthe.Serilda@testing.com,kmUpbzMdyvISn,70
Camile,Jammal,Camile.Jammal@testing.com,SqEztZ,29
Susette,Delacourt,Susette.Delacourt@testing.com,qNknhvxgxJcRmOrFq,38
Sadie,Vorster,Sadie.Vorster@testing.com,hJgzqrUZZjmPizBlaI,62
Caressa,Sharl,Caressa.Sharl@testing.com,CEfobSUQ,49
Justinn,Brian,Justinn.Brian@testing.com,UbMMlLnQOFqu,25
Etta,Urias,Etta.Urias@testing.com,KdIPsPq,60
Blake,Poll,Blake.Poll@testing.com,MAFHVwXu,75
Annaliese,Morehouse,Annaliese.Morehouse@testing.com,joxuQWUSNTaqjaqkF,45
Viki,Clarissa,Viki.Clarissa@testing.com,QKgJYBxCcnm,72
Therine,Merna,Therine.Merna@testing.com,SvGGhRyg,31
Candi,Yoko,Candi.Yoko@testing.com,OxAuuA,72
Margette,Tannie,Margette.Tannie@testing.com,ikYqPSxakzEYGg,54
Tierney,Shama,Tierney.Shama@testing.com,fznerXIWqCbF,64
Corly,Martguerita,Corly.Martguerita@testing.com,vPMHEvpDZHPrDzbMcI,57
Raf,Berriman,Raf.Berriman@testing.com,byCXohpTESNyxKA,77
Zondra,Rocray,Zondra.Rocray@testing.com,LbDzLYHdeNxGReP,48
Hope,Kaja,Hope.Kaja@testing.com,acVJZNMQQtvwPj,56